word,length,value
keayk,5,53
jsjfc,5,48
vwj,3,55
ewcls,5,62
h,1,8
yynch,5,75
yijrm,5,75
lenys,5,75
ttdz,4,70
ypl,3,53
p,1,16
zoia,4,51
tl,2,32
pxyj,4,75
c,1,3
szdb,4,51
znpxp,5,96
yzt,3,71
wd,2,27
frkw,4,58
an,2,15
whs,3,50
gy,2,32
cno,3,32
ei,2,14
ntsot,5,88
raub,4,42
iuo,3,45
q,1,17
qnk,3,42
c,1,3
sm,2,32
ywgp,4,71
vj,2,32
bkqiq,5,56
cay,3,29
esff,4,36
gzs,3,52
v,1,22
w,1,23
gs,2,26
jnibn,5,49
pfab,4,25
yxo,3,64
uxy,3,70
x,1,24
tk,2,31
tmbt,4,55
huaq,4,47
pryc,4,62
hn,2,22
aginv,5,53
j,1,10
dyr,3,47
flz,3,44
awgs,4,50
jdjxf,5,54
d,1,4
yit,3,54
zspj,4,71
d,1,4
d,1,4
dfjmf,5,39
mfn,3,33
xnxj,4,72
x,1,24
x,1,24
allbj,5,37
xlzvq,5,101
opi,3,40
jgq,3,34
ywmls,5,92
prci,4,46
pnhrq,5,73
vnl,3,48
avkyi,5,68
qmpc,4,49
iyg,3,41
tgyp,4,68
wqktp,5,87
goe,3,27
tb,2,22
rld,3,34
qex,3,46
dyyy,4,79
fgj,3,23
dl,2,16
bxl,3,38
wjat,4,54
utdky,5,81
sopm,4,63
zp,2,42
srxv,4,83
i,1,9
nttfs,5,79
huy,3,54
hgdbg,5,28
j,1,10
ysh,3,52
rdn,3,36
g,1,7
tuks,4,71
zmb,3,41
tpe,3,41
szzxp,5,111
votfs,5,82
lrxg,4,61
kthlf,5,57
gtzox,5,92
rpn,3,48
mdx,3,41
w,1,23
ddvq,4,47
mrc,3,34
sbrmr,5,70
z,1,26
zeq,3,48
nn,2,28
tvmp,4,71
pn,2,30
yawpz,5,91
a,1,1
cjtlf,5,51
kvsh,4,60
g,1,7
d,1,4
nf,2,20
ennsv,5,74
ekhe,4,29
pjob,4,43
k,1,11
efudz,5,62
ng,2,21
bv,2,24
h,1,8
lhbff,5,34
l,1,12
kd,2,15
g,1,7
nnw,3,51
bduyi,5,61
yz,2,51
o,1,15
fkcn,4,34
snz,3,59
xnkau,5,71
zhgd,4,45
nv,2,36
j,1,10
ongtl,5,68
whkd,4,46
u,1,21
fx,2,30
jbz,3,38
mtygo,5,80
sssy,4,82
gl,2,19
ees,3,29
uj,2,31
wwe,3,51
ssqez,5,86
y,1,25
ugmhf,5,55
ldbn,4,32
xab,3,27
jtbv,4,54
tw,2,43
l,1,12
eqp,3,38
d,1,4
zbb,3,30
hq,2,25
in,2,23
wdt,3,47
wh,2,31
sraya,5,64
uhgbl,5,50
yqoy,4,82
sdkt,4,54
hefgm,5,39
ofw,3,44
vq,2,39
spys,4,79
d,1,4
f,1,6
gqlr,4,54
cupj,4,50
tks,3,50
sq,2,36
mhyfz,5,78
hogtl,5,62
xo,2,39
ryj,3,53
lyxo,4,76
h,1,8
qldx,4,57
yc,2,28
jt,2,30
fnj,3,30
gmki,4,40
mxgp,4,60
ayvi,4,57
wya,3,49
geo,3,27
yt,2,45
vz,2,48
ichgf,5,33
infro,5,62
tfuro,5,80
t,1,20
bbg,3,11
sw,2,42
gnkk,4,43
uvd,3,47
ufjfz,5,69
iu,2,30
oeif,4,35
d,1,4
ir,2,27
smgf,4,45
ntkvt,5,87
fvgge,5,47
uagsl,5,60
mj,2,23
x,1,24
lqgpy,5,77
yk,2,36
yopf,4,62
jqc,3,30
q,1,17
h,1,8
c,1,3
qknp,4,58
gcfl,4,28
vilud,5,68
y,1,25
r,1,18
r,1,18
tfxgu,5,78
tkxk,4,66
bcj,3,15
tgmx,4,64
aa,2,2
cdayj,5,43
b,1,2
h,1,8
eesux,5,74
qedqs,5,62
o,1,15
rehe,4,36
dpwy,4,68
ffoar,5,46
mxap,4,54
f,1,6
e,1,5
ehq,3,30
oyiis,5,77
rdg,3,29
q,1,17
elo,3,32
fpwa,4,46
ajvn,4,47
feru,4,50
j,1,10
skd,3,34
apaee,5,28
pzln,4,68
z,1,26
ethnh,5,55
n,1,14
guph,4,52
suwyr,5,106
rfa,3,25
g,1,7
dlkd,4,31
ca,2,4
xet,3,49
veiy,4,61
ugr,3,46
fca,3,10
m,1,13
cj,2,13
ehhv,4,43
h,1,8
aqh,3,26
a,1,1
zeogd,5,57
h,1,8
xued,4,54
p,1,16
a,1,1
xk,2,35
jk,2,21
ied,3,18
p,1,16
zvx,3,72
fuqzy,5,95
q,1,17
kldz,4,53
zn,2,40
ebg,3,14
vlelu,5,72
pdfj,4,36
jbkl,4,35
qq,2,34
fmmaz,5,59
sxpm,4,72
os,2,34
iaeus,5,55
mp,2,29
u,1,21
wim,3,45
knfq,4,48
utlwy,5,101
w,1,23
d,1,4
pdgg,4,34
u,1,21
fvw,3,51
udy,3,50
gs,2,26
d,1,4
h,1,8
opa,3,32
o,1,15
smlwg,5,74
v,1,22
kxa,3,36
xrmca,5,59
fyswi,5,82
dytpo,5,80
gqia,4,34
eru,3,44
jfes,4,40
od,2,19
hwwh,4,62
px,2,40
ct,2,23
mxhl,4,57
e,1,5
ktori,5,73
jcz,3,39
f,1,6
jls,3,41
g,1,7
j,1,10
byu,3,48
smkfr,5,67
ebifi,5,31
rfyq,4,66
v,1,22
opqve,5,75
mnt,3,47
rkf,3,35
gzrkp,5,78
a,1,1
ks,2,30
ispy,4,69
t,1,20
dcuui,5,58
i,1,9
bvd,3,28
ng,2,21
ismo,4,56
pgj,3,33
bke,3,18
cr,2,21
mj,2,23
dnuyp,5,80
t,1,20
pk,2,27
ss,2,38
ubscd,5,49
x,1,24
uu,2,42
s,1,19
vszo,4,82
j,1,10
lfi,3,27
eg,2,12
qounq,5,84
pxtqu,5,98
swol,4,69
hdqiw,5,61
zxje,4,65
gw,2,30
qfw,3,46
jxrz,4,78
yjpb,4,53
fbdx,4,36
kva,3,34
jxedz,5,69
d,1,4
mi,2,22
iv,2,31
c,1,3
fv,2,28
uv,2,43
ps,2,35
x,1,24
sopel,5,67
xi,2,33
grmdj,5,52
wgwza,5,80
k,1,11
axx,3,49
nrmw,4,68
kvo,3,48
ky,2,36
zssy,4,89
hp,2,24
sbxok,5,71
tary,4,64
kpf,3,33
d,1,4
g,1,7
obvmi,5,61
iob,3,26
uvh,3,51
v,1,22
si,2,28
c,1,3
qynt,4,76
uohn,4,58
hdv,3,34
h,1,8
h,1,8
zeid,4,44
uqfdv,5,70
bog,3,24
z,1,26
vn,2,36
m,1,13
nw,2,37
mhlof,5,54
hb,2,10
vjmr,4,63
u,1,21
ofbul,5,56
ed,2,9
kgcfb,5,29
ay,2,26
t,1,20
iegiw,5,53
kl,2,23
rcx,3,45
zr,2,44
ttb,3,42
uhysf,5,79
m,1,13
ir,2,27
mk,2,24
tw,2,43
jns,3,43
yl,2,37
kyl,3,48
jwb,3,35
mnv,3,49
l,1,12
joa,3,26
ec,2,8
eo,2,20
aqwkp,5,68
tyci,4,57
fupab,5,46
m,1,13
z,1,26
zqp,3,59
oxnd,4,57
ch,2,11
vxhmo,5,82
e,1,5
rj,2,28
cp,2,19
thbpi,5,55
lc,2,15
mvpj,4,61
cz,2,29
xplz,4,78
eegda,5,22
anyx,4,64
iacz,4,39
hxwnn,5,83
vec,3,30
z,1,26
g,1,7
riek,4,43
ukg,3,39
i,1,9
yb,2,27
n,1,14
l,1,12
i,1,9
lrzoi,5,80
tgcer,5,53
flddj,5,36
zanp,4,57
ku,2,32
kdq,3,32
v,1,22
wrbq,4,60
ohgnj,5,54
xssdh,5,74
sifc,4,37
kc,2,14
bedi,4,20
gmwi,4,52
qz,2,43
m,1,13
lf,2,18
wmxnb,5,76
ime,3,27
vmb,3,37
v,1,22
ob,2,17
lwbdp,5,57
h,1,8
loepa,5,49
zxwaq,5,91
pmf,3,35
dgdbh,5,25
d,1,4
b,1,2
sayv,4,67
nmica,5,40
kw,2,34
vnhbg,5,53
ugw,3,51
pj,2,26
jmk,3,34
yvab,4,50
jvrk,4,61
d,1,4
mfl,3,31
rcfmy,5,65
nx,2,38
jw,2,33
t,1,20
fa,2,7
ndocr,5,54
uy,2,46
qdzs,4,66
nd,2,18
wlkuf,5,73
vjyr,4,75
gfpi,4,38
gp,2,23
ppkxg,5,74
lol,3,39
n,1,14
vur,3,61
feqcs,5,50
raxug,5,71
yvcqi,5,76
rsy,3,62
fy,2,31
s,1,19
b,1,2
ms,2,32
ld,2,16
sdwyb,5,73
i,1,9
dre,3,27
iwy,3,57
khyk,4,55
rpkqh,5,70
lemk,4,41
vf,2,28
acd,3,8
hd,2,12
bfwme,5,49
pua,3,38
fwd,3,33
kmt,3,44
m,1,13
qddh,4,33
mch,3,24
zuhyh,5,88
bupvc,5,64
qhox,4,64
aiwh,4,41
joez,4,56
wnlqz,5,92
og,2,22
ktnyd,5,74
v,1,22
mt,2,33
edwjq,5,59
qw,2,40
m,1,13
rf,2,24
hfw,3,37
h,1,8
axt,3,45
ra,2,19
qn,2,31
lhhu,4,49
y,1,25
hgbe,4,22
yianr,5,67
jccz,4,42
sdccj,5,39
azwnw,5,87
nxjs,4,67
prkuu,5,87
gk,2,18
zywij,5,93
cskb,4,35
jolgm,5,57
mwskw,5,89
s,1,19
egwsl,5,66
uit,3,50
fkov,4,54
qg,2,24
s,1,19
gz,2,33
p,1,16
hobh,4,33
sfszi,5,79
i,1,9
gaaxm,5,46
thqjy,5,80
bgc,3,12
olu,3,48
lhfdo,5,45
yr,2,43
ea,2,6
jtkyp,5,82
q,1,17
mgsc,4,42
wri,3,50
y,1,25
tjtk,4,61
eih,3,22
pk,2,27
whne,4,50
amgwp,5,60
q,1,17
vagm,4,43
pcbon,5,50
qdurx,5,84
cv,2,25
prp,3,50
jkug,4,49
qzdh,4,55
lgkob,5,47
slgl,4,50
de,2,9
egev,4,39
k,1,11
g,1,7
c,1,3
z,1,26
tjbjn,5,56
s,1,19
rqk,3,46
hk,2,19
mj,2,23
cl,2,15
cavnn,5,54
fq,2,23
uczo,4,65
kr,2,29
puu,3,58
zn,2,40
bo,2,17
yu,2,46
ozhur,5,88
bzsc,4,50
siayp,5,70
l,1,12
w,1,23
vkbyp,5,76
gxi,3,40
fq,2,23
ds,2,23
gfhqv,5,60
zaxfu,5,78
qtkz,4,74
aswb,4,45
ydiil,5,59
f,1,6
isd,3,32
ioo,3,39
miep,4,43
fit,3,35
kt,2,31
qzt,3,63
on,2,29
xgieh,5,53
k,1,11
rkmjp,5,68
wm,2,36
i,1,9
zz,2,52
bft,3,28
fiaov,5,53
n,1,14
rfq,3,41
ngebx,5,52
bshyu,5,75
mqr,3,48
rjlyr,5,83
bvld,4,40
oa,2,16
v,1,22
gtfnm,5,60
rsw,3,60
qk,2,28
yh,2,33
nztk,4,71
a,1,1
vwdus,5,89
deo,3,24
utk,3,52
zwmx,4,86
gpp,3,39
prqsq,5,87
es,2,24
djr,3,32
ofj,3,31
jrl,3,40
yq,2,42
ai,2,10
osdls,5,69
ntox,4,73
jv,2,32
vchyr,5,76
cgkj,4,31
kr,2,29
qxq,3,58
icrl,4,42
dpy,3,45
zis,3,54
i,1,9
ice,3,17
p,1,16
cgswk,5,63
jb,2,12
mtly,4,70
fbzxz,5,84
hdtl,4,44
hkz,3,45
o,1,15
fw,2,29
untd,4,59
oids,4,47
glh,3,27
su,2,40
nsfxd,5,67
koz,3,52
xk,2,35
ogodr,5,59
qemh,4,43
nutl,4,67
ellr,4,47
l,1,12
xi,2,33
ydcci,5,44
wvzbq,5,90
rcz,3,47
kqvau,5,72
tzmtl,5,91
fqae,4,29
thjnn,5,66
strj,4,67
guct,4,51
cxm,3,40
lnvks,5,78
ktpm,4,60
zbr,3,46
qcxhh,5,60
mlj,3,35
p,1,16
ge,2,12
zljj,4,58
mc,2,16
hopnj,5,63
db,2,6
r,1,18
leo,3,32
isiqw,5,77
yinhy,5,81
fb,2,8
vl,2,34
k,1,11
ojukt,5,77
dkg,3,22
ik,2,20
l,1,12
zfj,3,42
i,1,9
psh,3,43
piltc,5,60
jnd,3,28
gz,2,33
evymm,5,78
nzppg,5,79
ym,2,38
r,1,18
rog,3,40
o,1,15
dpdky,5,60
v,1,22
ltkd,4,47
ubgwr,5,71
k,1,11
c,1,3
xnije,5,62
wzkpt,5,96
k,1,11
unpuu,5,93
f,1,6
i,1,9
gj,2,17
e,1,5
sxkig,5,70
qdxqr,5,80
pnqxh,5,79
dyro,4,62
m,1,13
avw,3,46
ve,2,27
xv,2,46
trw,3,61
z,1,26
kg,2,18
ogqb,4,41
rsxp,4,77
pi,2,25
dni,3,27
pizg,4,58
jesid,5,47
l,1,12
vwbu,4,68
bspgt,5,64
hq,2,25
vwl,3,57
ecot,4,43
kvwe,4,61
mijxs,5,75
rhez,4,57
dcpj,4,33
tnz,3,60
qx,2,41
jyub,4,58
hnra,4,41
no,2,29
r,1,18
mb,2,15
jbwo,4,50
ww,2,46
j,1,10
qu,2,38
t,1,20
c,1,3
v,1,22
evgr,4,52
lydpy,5,82
debb,4,13
kxzn,4,75
vr,2,40
neon,4,48
j,1,10
f,1,6
e,1,5
ucwmh,5,68
yh,2,33
zl,2,38
xiz,3,59
t,1,20
jv,2,32
jeb,3,17
ygcit,5,64
dbqd,4,27
iqhsi,5,62
v,1,22
s,1,19
otp,3,51
udwv,4,70
gysv,4,73
e,1,5
oesu,4,60
on,2,29
vog,3,44
vz,2,48
xk,2,35
e,1,5
mof,3,34
oxya,4,65
fre,3,29
lmsv,4,66
jqh,3,35
oqf,3,38
p,1,16
eyv,3,52
rp,2,34
scto,4,57
dwxt,4,71
emzbd,5,50
h,1,8
lgv,3,41
guhsy,5,80
y,1,25
qwvmo,5,90
unvas,5,77
qbo,3,34
k,1,11
qcm,3,33
y,1,25
zgv,3,55
toxbq,5,78
of,2,21
crn,3,35
xg,2,31
rv,2,40
zivqq,5,91
kh,2,19
vkh,3,41
gl,2,19
kmdwd,5,55
nz,2,40
ulbq,4,52
mbmnz,5,68
y,1,25
henkr,5,56
cy,2,28
vecr,4,48
aa,2,2
cvc,3,28
uubc,4,47
wewgc,5,61
tkibm,5,55
s,1,19
qiaj,4,37
gh,2,15
exc,3,32
oydo,4,59
w,1,23
naruo,5,69
xzkl,4,73
cog,3,25
l,1,12
zpohz,5,91
ooeb,4,37
xma,3,38
mo,2,28
txbm,4,59
kymd,4,53
owxdz,5,92
d,1,4
floeg,5,45
q,1,17
rxtlr,5,92
po,2,31
e,1,5
ezffd,5,47
zlyz,4,89
x,1,24
qxw,3,64
dj,2,14
zmemt,5,77
sf,2,25
hnrtf,5,66
x,1,24
b,1,2
ijl,3,31
som,3,47
nnto,4,63
sntu,4,74
ojz,3,51
wex,3,52
gv,2,29
gnc,3,24
nv,2,36
hfd,3,18
rbskm,5,63
ci,2,12
uzrr,4,83
qzw,3,66
nbhn,4,38
ijed,4,28
x,1,24
pz,2,42
zmtk,4,70
fvlre,5,63
mnm,3,40
aqa,3,19
dg,2,11
uqkt,4,69
f,1,6
i,1,9
fw,2,29
l,1,12
yxd,3,53
eth,3,33
ke,2,16
clogs,5,56
uv,2,43
kp,2,27
vt,2,42
ssmjq,5,78
d,1,4
ifuqx,5,77
prsk,4,64
ltsg,4,58
wgci,4,42
nz,2,40
th,2,28
ewi,3,37
fc,2,9
ckm,3,27
uzw,3,70
sqpsf,5,77
jua,3,32
ddz,3,34
bi,2,11
xmj,3,47
vwi,3,54
gowfj,5,61
dl,2,16
eodr,4,42
adz,3,31
xinne,5,66
iacze,5,44
sc,2,22
pont,4,65
k,1,11
qfbom,5,53
ew,2,28
dzxm,4,67
c,1,3
nacwz,5,67
tq,2,37
t,1,20
fpl,3,34
noe,3,34
qed,3,26
tqwz,4,86
vwl,3,57
rabif,5,36
huv,3,51
mgfn,4,40
hvh,3,38
uzzd,4,77
uvj,3,53
txc,3,47
l,1,12
z,1,26
bnoy,4,56
v,1,22
exb,3,31
mx,2,37
u,1,21
vg,2,29
h,1,8
ufsrb,5,66
o,1,15
ra,2,19
nqogj,5,63
mlu,3,46
pcwtf,5,68
ah,2,9
bf,2,8
o,1,15
phy,3,49
kxleh,5,60
q,1,17
doj,3,29
czl,3,41
zai,3,36
grly,4,62
yopsb,5,77
blmq,4,44
yuiz,4,81
g,1,7
vmsrc,5,75
ttes,4,64
et,2,25
otc,3,38
cmkju,5,58
nmo,3,42
zgx,3,57
mz,2,39
bscph,5,48
p,1,16
y,1,25
rxd,3,46
ghd,3,19
zuqsy,5,108
ppb,3,34
w,1,23
vhkif,5,56
orh,3,41
c,1,3
bhlx,4,46
agvt,4,50
b,1,2
r,1,18
cr,2,21
h,1,8
pt,2,36
siefe,5,44
ay,2,26
bc,2,5
gh,2,15
yl,2,37
qgqbz,5,69
is,2,28
foos,4,55
elx,3,41
hehfz,5,53
lysgf,5,69
brjk,4,41
dimsd,5,49
z,1,26
ohx,3,47
mhtpv,5,79
g,1,7
pqpu,4,70
xkjge,5,57
fcgsw,5,58
hdvz,4,60
lqkcc,5,46
klbto,5,60
aj,2,11
uhxo,4,68
jy,2,35
pelz,4,59
ngwee,5,54
yjt,3,55
nujqo,5,77
zmhs,4,66
pl,2,28
k,1,11
ri,2,27
o,1,15
vgmh,4,50
m,1,13
zewhj,5,72
og,2,22
aws,3,43
cc,2,6
mcg,3,23
ynns,4,72
dhnoi,5,50
f,1,6
edbiq,5,37
kou,3,47
crz,3,47
s,1,19
qfjfa,5,40
hc,2,11
uftp,4,63
hswba,5,53
zxj,3,60
uh,2,29
wqqko,5,83
fpum,4,56
oil,3,36
vtbko,5,70
far,3,25
jobzy,5,78
hf,2,14
tjvjp,5,78
tsvt,4,81
xyz,3,75
mvqbi,5,63
qrwzw,5,107
rsqjk,5,75
f,1,6
g,1,7
fw,2,29
fqswk,5,76
buig,4,39
j,1,10
x,1,24
bue,3,28
mjbr,4,43
wqr,3,58
hze,3,39
gi,2,16
k,1,11
nde,3,23
k,1,11
tk,2,31
fv,2,28
ntyf,4,65
g,1,7
qcqji,5,56
yw,2,48
uyf,3,52
p,1,16
yfj,3,41
ur,2,39
tkvct,5,76
juh,3,39
wexxc,5,79
r,1,18
jr,2,28
tdx,3,48
bi,2,11
omofh,5,57
aaazm,5,42
sgm,3,39
ni,2,23
z,1,26
uts,3,60
nb,2,16
iby,3,36
ofp,3,37
em,2,18
lncua,5,51
idxdp,5,57
pmvkx,5,86
svxc,4,68
c,1,3
t,1,20
pk,2,27
dey,3,34
rxv,3,64
oyrus,5,98
bs,2,21
koawb,5,52
kih,3,28
uomn,4,63
dg,2,11
pkx,3,51
hv,2,30
gxaa,4,33
javj,4,43
hn,2,22
judrp,5,69
mou,3,49
qzwy,4,91
dmyr,4,60
tj,2,30
qld,3,33
rfv,3,46
wp,2,39
jn,2,24
ahp,3,25
mcx,3,40
nwv,3,59
wu,2,44
orav,4,56
l,1,12
qcrp,4,54
kk,2,22
bwci,4,37
t,1,20
mtwhn,5,78
dpou,4,56
zpriq,5,86
v,1,22
crlz,4,59
l,1,12
lar,3,31
hzhl,4,54
oz,2,41
rcaf,4,28
z,1,26
rm,2,31
py,2,41
tb,2,22
ojxhi,5,66
snryo,5,91
k,1,11
rmpg,4,54
tna,3,35
df,2,10
vnsoo,5,85
nsey,4,63
yu,2,46
yrmsc,5,78
acaov,5,42
md,2,17
ijcbo,5,39
zcv,3,51
azzo,4,68
lfciw,5,53
izst,4,74
qcaj,4,31
n,1,14
sv,2,41
li,2,21
bgi,3,18
ovkm,4,61
rjhif,5,51
ouj,3,46
ob,2,17
tiqx,4,70
jjm,3,33
dkck,4,29
hf,2,14
luwy,4,81
yg,2,32
gxbef,5,44
nby,3,41
awlh,4,44
wbi,3,34
magv,4,43
kszhv,5,86
vvse,4,68
xvam,4,60
hd,2,12
pu,2,37
zqtip,5,88
a,1,1
apkp,4,44
tn,2,34
n,1,14
gp,2,23
uryrs,5,101
nr,2,32
x,1,24
pwyz,4,90
tyvon,5,96
s,1,19
vl,2,34
ok,2,26
wazl,4,62
sophj,5,68
afd,3,11
zct,3,49
fmbg,4,28
bn,2,16
hbdbh,5,24
acge,4,16
zmww,4,85
ehq,3,30
eto,3,40
wud,3,48
e,1,5
vebo,4,44
dfzhr,5,62
xkrlw,5,88
vaora,5,57
auc,3,25
f,1,6
at,2,21
yio,3,49
sp,2,35
uztp,4,83
skwa,4,54
vq,2,39
ljpc,4,41
tpk,3,47
xnrqr,5,91
q,1,17
aqdyf,5,53
hhi,3,25
edmjv,5,54
gdt,3,31
wx,2,47
ssg,3,45
pi,2,25
oq,2,32
wvsnb,5,80
diqz,4,56
ooqzo,5,88
yhn,3,47
jgvo,4,54
kns,3,44
d,1,4
b,1,2
n,1,14
up,2,37
goy,3,47
gewa,4,36
mqc,3,33
e,1,5
qwu,3,61
olcd,4,34
vwvwi,5,99
kxf,3,41
m,1,13
y,1,25
rcm,3,34
ma,2,14
tj,2,30
oucjb,5,51
icwzm,5,74
es,2,24
y,1,25
uiyf,4,61
virej,5,64
kzvy,4,84
b,1,2
lvlx,4,70
miql,4,51
dng,3,25
zwx,3,73
v,1,22
tfz,3,52
e,1,5
rj,2,28
x,1,24
oth,3,43
lexp,4,57
ebea,4,13
y,1,25
yscpy,5,88
bwt,3,45
jwzhn,5,81
bh,2,10
xs,2,43
kw,2,34
txnc,4,61
jdsqp,5,66
gezoa,5,54
nasa,4,35
fw,2,29
zzol,4,79
ew,2,28
yfkue,5,68
qet,3,42
nxev,4,65
r,1,18
iub,3,32
duu,3,46
h,1,8
qczra,5,65
lxifd,5,55
b,1,2
p,1,16
bv,2,24
fbda,4,13
aqi,3,27
wzxl,4,85
kfreh,5,48
dlnkf,5,47
t,1,20
yt,2,45
kbift,5,48
jn,2,24
yqku,4,74
nny,3,53
avbwq,5,65
xfspi,5,74
ygo,3,47
rtf,3,44
xzm,3,63
nct,3,37
wm,2,36
pbd,3,22
lqj,3,39
uhy,3,54
vxau,4,68
yzt,3,71
aqb,3,20
a,1,1
vwo,3,60
k,1,11
hav,3,31
tle,3,37
ayv,3,48
kyzek,5,78
izwcd,5,65
kt,2,31
uuur,4,81
h,1,8
ux,2,45
kqemh,5,54
azwen,5,69
rxu,3,63
eut,3,46
v,1,22
dpyl,4,57
badr,4,25
rsrf,4,61
byupy,5,89
vsl,3,53
j,1,10
g,1,7
dpq,3,37
kodxc,5,57
ssqr,4,73
jv,2,32
gus,3,47
qdz,3,47
lti,3,41
skhk,4,49
vyvo,4,84
pcd,3,23
euxur,5,89
bwfn,4,45
zaud,4,52
p,1,16
o,1,15
ln,2,26
zynt,4,85
yfqne,5,67
hapf,4,31
wexv,4,74
vwzox,5,110
ma,2,14
g,1,7
u,1,21
w,1,23
gbp,3,25
fr,2,24
pke,3,32
zajts,5,76
oc,2,18
gbgr,4,34
vlsex,5,82
j,1,10
zynw,4,88
mgne,4,39
j,1,10
hw,2,31
x,1,24
hapds,5,48
srghe,5,57
y,1,25
iyvjy,5,91
a,1,1
rd,2,22
pv,2,38
f,1,6
kfudm,5,55
sze,3,50
yga,3,33
xhg,3,39
tkpeu,5,73
rix,3,51
qat,3,38
q,1,17
p,1,16
ot,2,35
jygr,4,60
okrd,4,48
ebod,4,26
xh,2,32
jqe,3,32
y,1,25
mii,3,31
z,1,26
j,1,10
kv,2,33
rmsjo,5,75
d,1,4
oxfi,4,54
tqy,3,62
ognb,4,38
jmvgj,5,62
z,1,26
hmr,3,39
xwffu,5,80
o,1,15
m,1,13
b,1,2
pfgt,4,49
gpk,3,34
am,2,14
krl,3,41
cui,3,33
gfh,3,21
mo,2,28
hbi,3,19
pubr,4,57
ihk,3,28
wboqx,5,81
idkx,4,48
nwxjk,5,82
lgrh,4,45
l,1,12
lioo,4,51
fnw,3,43
zeeb,4,38
i,1,9
zfpl,4,60
s,1,19
hm,2,21
lpu,3,49
y,1,25
l,1,12
x,1,24
m,1,13
rx,2,42
j,1,10
rzht,4,72
grz,3,51
fkh,3,25
sf,2,25
wkyrr,5,95
at,2,21
lb,2,14
g,1,7
reku,4,55
e,1,5
f,1,6
tumj,4,64
gly,3,44
boj,3,27
tmvp,4,71
x,1,24
giw,3,39
vimn,4,58
wt,2,43
ziijg,5,61
hzoxr,5,91
zcbs,4,50
qr,2,35
v,1,22
how,3,46
zivqg,5,81
phj,3,34
uhjzu,5,86
wfiin,5,61
r,1,18
xabqq,5,61
whuqd,5,73
r,1,18
cnkf,4,34
wd,2,27
i,1,9
fqjr,4,51
qcm,3,33
b,1,2
ray,3,44
nq,2,31
ioina,5,48
ak,2,12
qnwnu,5,89
z,1,26
rbtkc,5,54
ov,2,37
ey,2,30
gfh,3,21
zw,2,49
sazs,4,65
wdtyd,5,76
u,1,21
xef,3,35
kpay,4,53
a,1,1
i,1,9
byzso,5,87
owqgx,5,86
ys,2,44
llusu,5,85
iadlw,5,49
yjxgk,5,77
pquo,4,69
im,2,22
xze,3,55
paoo,4,47
jn,2,24
n,1,14
mwp,3,52
r,1,18
jcojh,5,46
stfur,5,84
gqbya,5,52
tb,2,22
qrjs,4,64
akpzn,5,68
ljjez,5,63
b,1,2
t,1,20
nbne,4,35
mintg,5,63
pgoq,4,55
tsck,4,53
iwitl,5,73
nfiwh,5,60
bw,2,25
ncbro,5,52
s,1,19
dcru,4,46
z,1,26
eumk,4,50
p,1,16
wna,3,38
yx,2,49
rk,2,29
rets,4,62
wkto,4,69
yjwej,5,73
mkp,3,40
yfjgb,5,50
kqaj,4,39
tut,3,61
bjn,3,26
rkmuj,5,73
w,1,23
silbq,5,59
ony,3,54
viat,4,52
es,2,24
ktor,4,64
rqfkv,5,74
etc,3,28
lrfv,4,58
mmtu,4,67
gujk,4,49
vb,2,24
e,1,5
c,1,3
v,1,22
ec,2,8
uwpmt,5,93
c,1,3
g,1,7
eyon,4,59
blnfo,5,49
x,1,24
put,3,57
hlne,4,39
glar,4,38
pnyb,4,57
arp,3,35
ah,2,9
reov,4,60
wcn,3,40
l,1,12
tpmr,4,67
sleeb,5,43
rw,2,41
xdk,3,39
hd,2,12
ckvtc,5,59
rsm,3,50
s,1,19
op,2,31
aobum,5,52
mai,3,23
hvssp,5,84
ujsi,4,59
w,1,23
c,1,3
la,2,13
wcv,3,48
o,1,15
eubfd,5,38
b,1,2
rqn,3,49
kpf,3,33
a,1,1
hcrr,4,47
iw,2,32
dk,2,15
j,1,10
wlqx,4,76
eztc,4,54
lxwvd,5,85
xys,3,68
qm,2,30
wz,2,49
egm,3,25
v,1,22
tfy,3,51
dtcmn,5,54
jue,3,36
tx,2,44
rv,2,40
fip,3,31
c,1,3
y,1,25
o,1,15
ft,2,26
p,1,16
ewos,4,62
i,1,9
y,1,25
em,2,18
kdntq,5,66
wdcm,4,43
ds,2,23
nme,3,32
zq,2,43
bpvn,4,54
ba,2,3
yzyc,4,79
xvxdi,5,83
daeku,5,42
fle,3,23
wltc,4,58
o,1,15
kp,2,27
tz,2,46
tbg,3,29
nuqvd,5,78
opicv,5,65
bawxv,5,72
wc,2,26
k,1,11
rx,2,42
lvrv,4,74
w,1,23
ui,2,30
ok,2,26
cjov,4,50
b,1,2
gos,3,41
fjbdv,5,44
lcum,4,49
mdlz,4,55
kg,2,18
gy,2,32
cv,2,25
jpd,3,30
tz,2,46
rnmek,5,61
zglj,4,55
areyf,5,55
rb,2,20
yz,2,51
eh,2,13
d,1,4
u,1,21
epx,3,45
rjbuq,5,68
dbwe,4,34
zck,3,40
k,1,11
cd,2,7
vvihc,5,64
s,1,19
zvjme,5,76
ohve,4,50
wp,2,39
l,1,12
nlvl,4,60
d,1,4
rggis,5,60
hbtkw,5,64
l,1,12
eandw,5,47
gh,2,15
mmkz,4,63
dqzl,4,59
u,1,21
zlxf,4,68
iuwh,4,61
umwg,4,64
h,1,8
htfn,4,48
akxxq,5,77
bqo,3,34
j,1,10
tpl,3,48
jnmh,4,45
ulze,4,64
pu,2,37
sexss,5,86
yp,2,41
f,1,6
tqib,4,48
wvwcs,5,90
t,1,20
v,1,22
m,1,13
o,1,15
lntwt,5,89
o,1,15
kymrx,5,91
jp,2,26
e,1,5
gpblw,5,60
na,2,15
aeu,3,27
gpyc,4,51
ecpxd,5,52
bcx,3,29
bbst,4,43
xm,2,37
pm,2,29
mt,2,33
abg,3,10
nlpom,5,70
onurf,5,74
bhnwx,5,71
gz,2,33
qe,2,22
hdxo,4,51
v,1,22
pubeu,5,65
jg,2,17
oqpzo,5,89
m,1,13
ckqjk,5,52
wft,3,49
vilc,4,46
jjd,3,24
a,1,1
l,1,12
x,1,24
ihri,4,44
jz,2,36
loq,3,44
b,1,2
u,1,21
ddnr,4,40
z,1,26
bald,4,19
d,1,4
xvtet,5,91
yrcm,4,59
r,1,18
m,1,13
g,1,7
sl,2,31
tuybb,5,70
chs,3,30
xgier,5,63
ylloz,5,90
xp,2,40
xg,2,31
dzdz,4,60
bt,2,22
crsgp,5,63
ibdpg,5,38
w,1,23
x,1,24
owqhm,5,76
z,1,26
rh,2,26
es,2,24
owl,3,50
kkjcf,5,41
wl,2,35
wutu,4,85
tzs,3,65
gfxuv,5,80
b,1,2
utjj,4,61
phevs,5,70
q,1,17
feb,3,13
m,1,13
irpf,4,49
szxe,4,74
bcobm,5,35
hwd,3,35
ksoh,4,53
u,1,21
ictx,4,56
jeiof,5,45
svja,4,52
ztr,3,64
zbwxx,5,99
excw,4,55
qji,3,36
znhk,4,59
puixi,5,79
ah,2,9
sbafz,5,54
yxaqg,5,74
ujfy,4,62
bf,2,8
xqfw,4,70
h,1,8
soo,3,49
bdni,4,29
rk,2,29
h,1,8
zagve,5,61
nwnq,4,68
wosae,5,63
zhmp,4,63
pk,2,27
brn,3,34
asdph,5,48
a,1,1
dvej,4,41
q,1,17
tvkz,4,79
fsku,4,57
b,1,2
cak,3,15
llit,4,53
ue,2,26
fbg,3,15
qrbtn,5,71
cj,2,13
kb,2,13
uf,2,27
mig,3,29
edn,3,23
ix,2,33
y,1,25
clx,3,39
ijw,3,42
km,2,24
uwypw,5,108
ioek,4,40
pj,2,26
ojsk,4,55
zkgmo,5,72
uu,2,42
havur,5,70
srms,4,69
kojnm,5,63
ijae,4,25
drjcr,5,53
fikbw,5,51
iz,2,35
fx,2,30
nry,3,57
sl,2,31
e,1,5
to,2,35
dbb,3,8
jdi,3,23
q,1,17
yogn,4,61
out,3,56
m,1,13
lzzsy,5,108
sgen,4,45
zowa,4,65
euyln,5,77
t,1,20
zu,2,47
buvng,5,66
lg,2,19
jlxz,4,72
d,1,4
shy,3,52
hk,2,19
yr,2,43
z,1,26
d,1,4
bm,2,15
nx,2,38
maia,4,24
gnox,4,60
ba,2,3
dp,2,20
p,1,16
t,1,20
gbdua,5,35
j,1,10
axxj,4,59
xbbm,4,41
wcj,3,36
pfri,4,49
nlkrn,5,69
voxt,4,81
pfom,4,50
f,1,6
bs,2,21
hil,3,29
irl,3,39
qgyfy,5,80
y,1,25
gxok,4,57
qo,2,32
s,1,19
kjyn,4,60
hsmv,4,62
jvww,4,78
qdpw,4,60
zjp,3,52
nbxch,5,51
sfv,3,47
zmj,3,49
fewo,4,49
hij,3,27
r,1,18
mx,2,37
hsnxp,5,81
yx,2,49
hr,2,26
udkg,4,43
jqmbo,5,57
l,1,12
y,1,25
zf,2,32
byk,3,38
iohw,4,55
rkyr,4,72
cud,3,28
h,1,8
l,1,12
meb,3,20
st,2,39
a,1,1
p,1,16
r,1,18
cbe,3,10
j,1,10
clmuz,5,75
anjmc,5,41
n,1,14
x,1,24
wje,3,38
i,1,9
mjarn,5,56
cnm,3,30
squ,3,57
hsm,3,40
kay,3,37
pzu,3,63
ctw,3,46
wthc,4,54
rg,2,25
g,1,7
sd,2,23
s,1,19
cbpab,5,24
i,1,9
yydqb,5,73
keu,3,37
xioe,4,53
ufwm,4,63
evqn,4,58
immd,4,39
qfady,5,53
ftwtg,5,76
aca,3,5
wmhwx,5,91
cnam,4,31
p,1,16
jdusr,5,72
foib,4,32
wb,2,25
dgk,3,22
ruzc,4,68
tylh,4,65
ofj,3,31
dpp,3,36
uz,2,47
idnj,4,37
jduvw,5,80
rxmn,4,69
hyz,3,59
buuk,4,55
vj,2,32
tre,3,43
cbq,3,22
qixs,4,69
trfwa,5,68
aqm,3,31
a,1,1
lpzyf,5,85
uz,2,47
tew,3,48
wiuzn,5,93
cpu,3,40
vmaj,4,46
nxus,4,78
wprhr,5,83
m,1,13
peap,4,38
haru,4,48
bzwu,4,72
bvbhk,5,45
qib,3,28
e,1,5
kck,3,25
kjvfq,5,66
v,1,22
wfwq,4,69
l,1,12
r,1,18
ybyk,4,63
ruo,3,54
of,2,21
vko,3,48
qunu,4,73
daia,4,15
vhqx,4,71
hca,3,12
sklh,4,50
vuur,4,82
fj,2,16
mfqcr,5,57
vem,3,40
ocxp,4,58
hwq,3,48
rdk,3,33
ujy,3,56
rhp,3,42
xhr,3,50
p,1,16
c,1,3
yx,2,49
zl,2,38
y,1,25
orncb,5,52
v,1,22
e,1,5
zsatx,5,90
svt,3,61
pnpo,4,61
xujck,5,69
agmw,4,44
keomo,5,59
wqvnf,5,82
pofb,4,39
cx,2,27
vzrqb,5,85
m,1,13
cgs,3,29
uq,2,38
heg,3,20
dyfdy,5,64
cpn,3,33
jla,3,23
nai,3,24
kcyok,5,65
x,1,24
ud,2,25
eafes,5,36
tw,2,43
vwna,4,60
magc,4,24
jsg,3,36
ra,2,19
s,1,19
hpg,3,31
b,1,2
zxtn,4,84
hwrj,4,59
np,2,30
n,1,14
ltyt,4,77
r,1,18
ymo,3,53
lhgk,4,38
jhud,4,43
ga,2,8
ujyhn,5,78
rj,2,28
v,1,22
nzpz,4,82
ckqh,4,39
v,1,22
ry,2,43
h,1,8
joir,4,52
m,1,13
x,1,24
vnjmz,5,85
so,2,34
tr,2,38
obe,3,22
wzn,3,63
dlxh,4,48
ojpb,4,43
jziq,4,62
zqd,3,47
rh,2,26
j,1,10
w,1,23
qqitj,5,73
sryb,4,64
eoffo,5,47
hjqgc,5,45
dr,2,22
z,1,26
nm,2,27
ieqcz,5,60
tnyp,4,75
c,1,3
s,1,19
ilyap,5,63
nab,3,17
wq,2,40
afodq,5,43
y,1,25
o,1,15
b,1,2
deb,3,11
lzt,3,58
b,1,2
glrc,4,40
cjrc,4,34
r,1,18
pjek,4,42
aubw,4,47
vf,2,28
cxe,3,32
ox,2,39
nuh,3,43
c,1,3
gqtxe,5,73
b,1,2
y,1,25
ri,2,27
vghhx,5,69
zax,3,51
bv,2,24
gsti,4,55
hpif,4,39
xltu,4,77
zpmg,4,62
y,1,25
dwj,3,37
fxwn,4,67
f,1,6
p,1,16
ieb,3,16
v,1,22
cjbay,5,41
mc,2,16
bwt,3,45
obvm,4,52
grul,4,58
u,1,21
qks,3,47
nhvv,4,66
fput,4,63
vm,2,35
msslv,5,85
jdvu,4,57
kl,2,23
csyd,4,51
y,1,25
h,1,8
pihc,4,36
diz,3,39
x,1,24
p,1,16
nhszy,5,92
bfbei,5,24
ypduq,5,83
hvb,3,32
dxb,3,30
uv,2,43
ys,2,44
yivaf,5,63
zln,3,52
pvw,3,61
m,1,13
av,2,23
u,1,21
lrtsf,5,75
ewvb,4,52
iihve,5,53
xxyao,5,89
b,1,2
ncha,4,26
z,1,26
atr,3,39
viv,3,53
vlaj,4,45
xi,2,33
p,1,16
hpy,3,49
m,1,13
zpvc,4,67
ik,2,20
qthah,5,54
cf,2,9
k,1,11
ez,2,31
ywa,3,49
ptv,3,58
rkx,3,53
tpq,3,53
g,1,7
nuk,3,46
ldy,3,41
ntb,3,36
ifrt,4,53
nuuo,4,71
lb,2,14
y,1,25
y,1,25
nsn,3,47
nlrms,5,76
o,1,15
yex,3,54
ivf,3,37
vflkp,5,67
skg,3,37
h,1,8
zgs,3,52
ldyzs,5,86
kud,3,36
qopc,4,51
uqas,4,58
kr,2,29
z,1,26
oc,2,18
gjxrf,5,65
rlo,3,45
axtm,4,58
sfmdm,5,55
o,1,15
rfh,3,32
xqbi,4,52
y,1,25
ttyes,5,89
tzxtd,5,94
tjjeh,5,53
axuji,5,65
echzj,5,52
jh,2,18
hyi,3,42
mqpd,4,50
tug,3,48
xu,2,45
rbdc,4,27
vtqp,4,75
mkr,3,42
xj,2,34
sqwsk,5,89
uuyo,4,82
lqtup,5,86
absk,4,33
te,2,25
kiuc,4,44
sfk,3,36
ci,2,12
y,1,25
lgn,3,33
va,2,23
tty,3,65
pu,2,37
uqcft,5,67
w,1,23
jlu,3,43
rhx,3,50
lso,3,46
dfiw,4,42
dbw,3,29
m,1,13
bqf,3,25
kf,2,17
ai,2,10
lva,3,35
tlrsk,5,80
agv,3,30
qwun,4,75
eoyab,5,48
m,1,13
kwdxs,5,81
iv,2,31
lj,2,22
m,1,13
vibvv,5,77
dg,2,11
fb,2,8
simx,4,65
kd,2,15
zp,2,42
ygl,3,44
kaywb,5,62
d,1,4
oe,2,20
qbfm,4,38
qt,2,37
bedh,4,19
x,1,24
ixb,3,35
nx,2,38
z,1,26
dmh,3,25
b,1,2
u,1,21
plga,4,36
ls,2,31
s,1,19
ne,2,19
ft,2,26
lm,2,25
rhla,4,39
xupum,5,95
q,1,17
h,1,8
ghdxr,5,61
tinq,4,60
mwjs,4,65
ofm,3,34
fo,2,21
mz,2,39
kpvpd,5,69
ffbj,4,24
fq,2,23
n,1,14
tyok,4,71
fgy,3,38
zvc,3,51
htd,3,32
ly,2,37
pde,3,25
fc,2,9
foypd,5,66
hke,3,24
lgtt,4,59
h,1,8
kq,2,28
hpht,4,52
znllr,5,82
lu,2,33
rat,3,39
grw,3,48
o,1,15
ppem,4,50
zxvb,4,74
zq,2,43
wav,3,46
ibiq,4,37
scbes,5,48
ywjhu,5,87
famau,5,42
egfw,4,41
fp,2,22
qkhe,4,41
wfkzw,5,89
ith,3,37
s,1,19
cndks,5,51
zhi,3,43
o,1,15
yor,3,58
t,1,20
yzace,5,60
njevw,5,74
wbxp,4,65
kld,3,27
jdqf,4,37
ffq,3,29
gzk,3,44
ljbae,5,30
bvshh,5,59
be,2,7
gagu,4,36
l,1,12
lmj,3,35
vdkl,4,49
zjecb,5,46
fwvdj,5,65
ysmfx,5,87
n,1,14
fa,2,7
jmcj,4,36
nw,2,37
hpanh,5,47
t,1,20
oqz,3,58
hyjz,4,69
u,1,21
aqsrd,5,59
ms,2,32
x,1,24
o,1,15
kvz,3,59
azlfg,5,52
ciaew,5,41
e,1,5
ylqrg,5,79
i,1,9
zatqp,5,80
vyu,3,68
icxi,4,45
bugd,4,34
jmfq,4,46
z,1,26
cs,2,22
ygybq,5,76
hwwot,5,89
vfw,3,51
eft,3,31
ltaas,5,53
fop,3,37
f,1,6
mnfps,5,68
lyq,3,54
ayru,4,65
rd,2,22
xgsh,4,58
b,1,2
lfnoz,5,73
ufstw,5,89
v,1,22
kpc,3,30
heyn,4,52
lit,3,41
jy,2,35
c,1,3
taw,3,44
svhmo,5,77
c,1,3
tik,3,40
ku,2,32
cfa,3,10
jotf,4,51
w,1,23
oani,4,39
bh,2,10
zhijo,5,68
b,1,2
pco,3,34
y,1,25
h,1,8
vhtp,4,66
kxnf,4,55
pf,2,22
fbbpe,5,31
qgupe,5,66
wtmzp,5,98
ar,2,19
zfiy,4,66
s,1,19
cjo,3,28
t,1,20
spsn,4,68
pdhd,4,32
brm,3,33
mkwj,4,57
wxiq,4,73
jyj,3,45
tvvso,5,98
ie,2,14
nvj,3,46
twuth,5,92
qt,2,37
eco,3,23
yxi,3,58
caj,3,14
blse,4,38
m,1,13
hvnpw,5,83
xgwe,4,59
f,1,6
eutfj,5,62
wrye,4,71
jqw,3,50
vg,2,29
h,1,8
hht,3,36
c,1,3
jxbcu,5,60
quztc,5,87
nga,3,22
chf,3,17
rgi,3,34
mv,2,35
flj,3,28
hugg,4,43
t,1,20
g,1,7
eyer,4,53
fjsvv,5,79
ye,2,30
uxevp,5,88
gblls,5,52
jldex,5,55
jfkw,4,50
ya,2,26
vgxp,4,69
o,1,15
cwm,3,39
w,1,23
rjc,3,31
po,2,31
jrfb,4,36
zp,2,42
sgc,3,29
nq,2,31
tpn,3,50
x,1,24
qsljf,5,64
suvxc,5,89
zyugc,5,82
al,2,13
di,2,13
ocdot,5,57
tbbw,4,47
obqy,4,59
zemmh,5,65
gvjea,5,45
qf,2,23
cqs,3,39
vjg,3,39
ybipa,5,53
b,1,2
qju,3,48
h,1,8
jkdn,4,39
m,1,13
qjiel,5,53
in,2,23
uhlu,4,62
solyu,5,92
rgbtb,5,49
be,2,7
ejbzf,5,49
a,1,1
mtwg,4,63
i,1,9
c,1,3
xoqiz,5,91
igsl,4,47
cqo,3,35
z,1,26
qhny,4,64
nfdr,4,42
imfrm,5,59
hdrt,4,50
mhi,3,30
jgd,3,21
vv,2,44
ib,2,11
ochml,5,51
cnqe,4,39
d,1,4
nzvtg,5,89
qft,3,43
wm,2,36
oh,2,23
yjbz,4,63
cielo,5,44
m,1,13
ruqw,4,79
kvfmr,5,70
qhy,3,50
cpn,3,33
mjnk,4,48
wohx,4,70
wupja,5,71
gvo,3,44
an,2,15
iwigl,5,60
a,1,1
v,1,22
z,1,26
jqsar,5,65
sokg,4,52
hysqs,5,88
bloey,5,59
tl,2,32
wy,2,48
phc,3,27
o,1,15
sb,2,21
qtdn,4,55
szk,3,56
k,1,11
v,1,22
a,1,1
n,1,14
oyvcu,5,86
tuw,3,64
hriba,5,38
iwch,4,43
nzttt,5,100
fcy,3,34
cw,2,26
igs,3,35
ottu,4,76
n,1,14
vld,3,38
wq,2,40
mnbp,4,45
bxg,3,33
srw,3,60
k,1,11
kh,2,19
ip,2,25
sz,2,45
vegrp,5,68
l,1,12
smvj,4,64
jyukm,5,80
w,1,23
dsfy,4,54
npsat,5,70
foe,3,26
mt,2,33
wtjxd,5,81
w,1,23
bobp,4,35
tww,3,66
v,1,22
fbqte,5,50
bt,2,22
hpt,3,44
k,1,11
hjfiv,5,55
qng,3,38
dvc,3,29
joylf,5,68
ub,2,23
nfgh,4,35
bcz,3,31
gd,2,11
f,1,6
ioc,3,27
dxbcl,5,45
fj,2,16
diowy,5,76
sy,2,44
gh,2,15
d,1,4
gm,2,20
vktyt,5,98
uopdd,5,60
tt,2,40
pu,2,37
tq,2,37
dscra,5,45
frwx,4,71
rm,2,31
bgz,3,35
nj,2,24
z,1,26
cqjw,4,53
x,1,24
vp,2,38
bsou,4,57
u,1,21
shmi,4,49
i,1,9
jr,2,28
zj,2,36
oocyw,5,81
hnwyp,5,86
gmopk,5,62
ajqp,4,44
owesm,5,75
rruc,4,60
aalx,4,38
yolc,4,55
l,1,12
zb,2,28
ujk,3,42
ve,2,27
ndltc,5,53
hwtgi,5,67
vo,2,37
cfjyp,5,60
wja,3,34
d,1,4
m,1,13
s,1,19
k,1,11
phhdp,5,52
waw,3,47
mxw,3,60
rgjdm,5,52
aoag,4,24
wbs,3,44
w,1,23
h,1,8
ivki,4,51
phsvk,5,76
cx,2,27
xidft,5,63
hjeb,4,25
u,1,21
vivm,4,66
xutwz,5,114
mo,2,28
sxf,3,49
ueg,3,33
g,1,7
l,1,12
dni,3,27
wmya,4,62
a,1,1
o,1,15
e,1,5
zlmxx,5,99
q,1,17
kxme,4,53
a,1,1
nez,3,45
ttvqr,5,97
jywm,4,71
yhmma,5,60
eq,2,22
cs,2,22
sb,2,21
kdeen,5,39
gohe,4,35
v,1,22
sjw,3,52
z,1,26
fkkmh,5,49
xub,3,47
e,1,5
zhfx,4,64
dirbm,5,46
v,1,22
hjpyi,5,68
u,1,21
ejgs,4,41
o,1,15
ehfnz,5,59
r,1,18
gw,2,30
mrav,4,54
gvx,3,53
ife,3,20
w,1,23
t,1,20
z,1,26
goz,3,48
tlvh,4,62
kvg,3,40
lx,2,36
s,1,19
mh,2,21
ohj,3,33
j,1,10
ed,2,9
ft,2,26
ela,3,18
ws,2,42
td,2,24
m,1,13
pldw,4,55
igz,3,42
yv,2,47
faw,3,30
dmuez,5,69
dt,2,24
bks,3,32
bpz,3,44
iz,2,35
phg,3,31
cy,2,28
b,1,2
jmorc,5,59
tas,3,40
bnwex,5,68
fcdn,4,27
tqg,3,44
hpzw,4,73
xexg,4,60
ctio,4,47
u,1,21
kth,3,39
zgh,3,41
m,1,13
agnlq,5,51
fxps,4,65
zxc,3,53
z,1,26
ht,2,28
xyd,3,53
tk,2,31
t,1,20
eebqk,5,40
wlkvj,5,78
pc,2,19
ffcu,4,36
xd,2,28
jn,2,24
gh,2,15
pzxq,4,83
o,1,15
coqef,5,46
bibxi,5,46
ljr,3,40
omj,3,38
td,2,24
jeo,3,30
eepgp,5,49
bbtar,5,43
jeju,4,46
xojo,4,64
kw,2,34
zfzgv,5,87
ldje,4,31
jciat,5,43
csz,3,48
rzvp,4,82
ezwq,4,71
g,1,7
ud,2,25
a,1,1
y,1,25
nyhq,4,64
ncnw,4,54
vpajw,5,72
bnox,4,55
kr,2,29
esp,3,40
m,1,13
yqai,4,52
klvqv,5,84
rea,3,24
opu,3,52
w,1,23
mxo,3,52
kswo,4,68
dyqvz,5,94
efsj,4,40
c,1,3
dtl,3,36
iv,2,31
rdth,4,50
l,1,12
pal,3,29
mmy,3,51
ytpex,5,90
ogdxm,5,63
za,2,27
iev,3,36
z,1,26
j,1,10
pa,2,17
ytt,3,65
byxx,4,75
kbfm,4,32
v,1,22
l,1,12
mp,2,29
fopyi,5,71
ok,2,26
flfp,4,40
jy,2,35
csup,4,59
vorn,4,69
n,1,14
l,1,12
c,1,3
hjp,3,34
zw,2,49
mygie,5,59
spl,3,47
kkng,4,43
vv,2,44
xdo,3,43
aiq,3,27
weqd,4,49
bkjcg,5,33
japin,5,50
vdkj,4,47
ckqv,4,53
hlqq,4,54
lbt,3,34
mgnyf,5,65
q,1,17
lxvd,4,62
jbk,3,23
umc,3,37
vh,2,30
qiwu,4,70
qgqea,5,47
p,1,16
qe,2,22
sq,2,36
csl,3,34
vgs,3,48
ktr,3,49
kwj,3,44
o,1,15
lnl,3,38
vb,2,24
ijn,3,33
zoww,4,87
gebx,4,38
ecu,3,29
fzbv,4,56
xddmj,5,55
l,1,12
yzuwk,5,106
fngnc,5,44
vwxvp,5,107
l,1,12
i,1,9
mgb,3,22
l,1,12
jfzl,4,54
yptf,4,67
pquid,5,67
xbg,3,33
ptnc,4,53
stl,3,51
xa,2,25
fq,2,23
ti,2,29
rdlrh,5,60
c,1,3
lpgmw,5,71
en,2,19
i,1,9
xobw,4,64
m,1,13
diva,4,36
efpya,5,53
gjrsl,5,66
m,1,13
twsju,5,93
ayk,3,37
ky,2,36
asx,3,44
vku,3,54
wmzci,5,74
uakiu,5,63
hbn,3,24
wtf,3,49
m,1,13
d,1,4
l,1,12
cewz,4,57
ealhh,5,34
ls,2,31
m,1,13
mhbrs,5,60
axv,3,47
tfvjo,5,73
b,1,2
vl,2,34
oipn,4,54
nanhh,5,45
wvtng,5,86
md,2,17
ue,2,26
n,1,14
xmm,3,50
zdat,4,51
efpfs,5,52
c,1,3
oo,2,30
hv,2,30
ewvj,4,60
l,1,12
wjy,3,58
pbbm,4,33
jbqf,4,35
ja,2,11
sprhy,5,86
w,1,23
ks,2,30
xx,2,48
wtq,3,60
k,1,11
vdjvb,5,60
t,1,20
qpjex,5,72
byer,4,50
ddh,3,16
tby,3,47
yjdne,5,58
l,1,12
cqq,3,37
zeay,4,57
e,1,5
g,1,7
dyhj,4,47
wxdc,4,54
rue,3,44
i,1,9
hl,2,20
r,1,18
p,1,16
b,1,2
eprd,4,43
uwlc,4,59
ftrim,5,66
vyzp,4,89
my,2,38
ks,2,30
e,1,5
eu,2,26
b,1,2
pgzx,4,73
w,1,23
ufs,3,46
evnaf,5,48
c,1,3
jsv,3,51
y,1,25
ntyok,5,85
s,1,19
gkm,3,31
bcng,4,26
jj,2,20
jct,3,33
bgmf,4,28
mktn,4,58
w,1,23
e,1,5
r,1,18
bur,3,41
tb,2,22
ezxr,4,73
vkh,3,41
bfjnq,5,49
qpjv,4,65
vlfo,4,55
w,1,23
vlmr,4,65
nqav,4,54
miqm,4,52
bpfd,4,28
yltj,4,67
g,1,7
uoukf,5,74
pddex,5,53
rs,2,37
cp,2,19
su,2,40
ewaq,4,46
kbm,3,26
wf,2,29
zgcsj,5,65
urvrh,5,87
of,2,21
o,1,15
osky,4,70
ld,2,16
ahp,3,25
ljem,4,40
zb,2,28
tch,3,31
vydcs,5,73
fnrsj,5,67
mlvx,4,71
jq,2,27
sioga,5,51
jch,3,21
yn,2,39
c,1,3
tec,3,28
zb,2,28
ypr,3,59
ekptw,5,75
lv,2,34
urvpq,5,94
n,1,14
kswc,4,56
gif,3,22
u,1,21
tvsx,4,85
d,1,4
wue,3,49
tvy,3,67
n,1,14
disee,5,42
t,1,20
fxz,3,56
bva,3,25
djbjz,5,52
scqur,5,78
mo,2,28
tzad,4,51
xsdn,4,61
gcuf,4,37
cu,2,24
fta,3,27
v,1,22
rtiu,4,68
bde,3,11
jy,2,35
a,1,1
t,1,20
po,2,31
mrma,4,45
eeke,4,26
nsby,4,60
zraod,5,64
geyig,5,53
kasgp,5,54
si,2,28
ipteo,5,65
ilt,3,41
fh,2,14
msn,3,46
d,1,4
nl,2,26
ymsgp,5,80
x,1,24
kxt,3,55
pjnx,4,64
f,1,6
gu,2,28
cfu,3,30
lzls,4,69
swzej,5,83
jjtmi,5,62
uj,2,31
aj,2,11
ym,2,38
jws,3,52
hyft,4,59
tbz,3,48
eje,3,20
zkzog,5,85
gukhh,5,55
fn,2,20
b,1,2
if,2,15
rgkg,4,43
wvf,3,51
fst,3,45
tsdv,4,65
pinxw,5,86
yooza,5,82
cq,2,20
y,1,25
s,1,19
ay,2,26
r,1,18
hlcm,4,36
n,1,14
n,1,14
sagl,4,39
aohp,4,40
kdet,4,40
ck,2,14
bwyx,4,74
gbyj,4,44
fq,2,23
mh,2,21
jflkd,5,43
grl,3,37
wtiop,5,83
qqgr,4,59
ne,2,19
xbye,4,56
sz,2,45
df,2,10
jjlc,4,35
trpbz,5,82
p,1,16
zibeb,5,44
td,2,24
bccit,5,37
r,1,18
pp,2,32
vvvdg,5,77
i,1,9
pdmem,5,51
xe,2,29
r,1,18
x,1,24
a,1,1
ifeer,5,43
v,1,22
yln,3,51
k,1,11
a,1,1
m,1,13
wj,2,33
fmjg,4,36
kgia,4,28
gar,3,26
nvnn,4,64
ze,2,31
cv,2,25
twj,3,53
dm,2,17
hrc,3,29
jjct,4,43
tfzl,4,64
le,2,17
og,2,22
nscsf,5,61
s,1,19
fbswt,5,70
gu,2,28
m,1,13
g,1,7
ozfha,5,56
gz,2,33
varc,4,44
zefu,4,58
lpw,3,51
lt,2,32
p,1,16
eka,3,17
nfop,4,51
mo,2,28
ustci,5,72
c,1,3
xh,2,32
nkq,3,42
ns,2,33
zmtl,4,71
sdbh,4,33
bac,3,6
h,1,8
warcn,5,59
aa,2,2
zq,2,43
xfga,4,38
drw,3,45
af,2,7
behq,4,32
h,1,8
ypx,3,65
eauue,5,53
rng,3,39
hrhx,4,58
dnfws,5,66
onsat,5,69
ua,2,22
ebpcm,5,39
mkoi,4,48
dgy,3,36
jzsgb,5,64
fe,2,11
bmtx,4,59
brvv,4,64
vs,2,41
b,1,2
p,1,16
a,1,1
x,1,24
a,1,1
dds,3,27
o,1,15
sxio,4,67
k,1,11
ejpy,4,56
ukhiy,5,74
dwn,3,41
mb,2,15
dqdq,4,42
dpc,3,23
xcqk,4,55
u,1,21
cni,3,26
jo,2,25
it,2,29
ivau,4,53
trk,3,49
a,1,1
esbc,4,29
ignao,5,46
k,1,11
jtl,3,42
vexn,4,65
wmd,3,40
rdcdg,5,36
ln,2,26
lvkia,5,55
vva,3,45
rm,2,31
iit,3,38
j,1,10
t,1,20
w,1,23
jqb,3,29
oss,3,53
ku,2,32
ywj,3,58
crtml,5,66
dhw,3,35
cgb,3,12
rm,2,31
tsq,3,56
vu,2,43
oytf,4,66
iuef,4,41
ldn,3,30
iece,4,22
dczmw,5,69
j,1,10
oyf,3,46
z,1,26
y,1,25
vqbrw,5,82
qilnw,5,75
dzd,3,34
s,1,19
velc,4,42
rp,2,34
xxj,3,58
ifnvh,5,59
irs,3,46
rec,3,26
t,1,20
bz,2,28
zdrq,4,65
d,1,4
c,1,3
et,2,25
zfea,4,38
ngebb,5,30
r,1,18
ktwln,5,80
en,2,19
a,1,1
puseg,5,68
vc,2,25
q,1,17
qfyju,5,79
u,1,21
ywzm,4,87
ga,2,8
tzow,4,84
qxuw,4,85
zyslm,5,95
k,1,11
jkfxj,5,61
wcj,3,36
kl,2,23
qh,2,25
zck,3,40
xphdm,5,65
k,1,11
nk,2,25
z,1,26
wh,2,31
ww,2,46
nrtfp,5,74
ximh,4,54
c,1,3
ac,2,4
vhub,4,53
ck,2,14
jac,3,14
zpv,3,64
r,1,18
buux,4,68
lxeo,4,56
bad,3,7
st,2,39
wz,2,49
b,1,2
eus,3,45
rbb,3,22
u,1,21
j,1,10
tuqoi,5,82
xti,3,53
tzbmf,5,67
w,1,23
e,1,5
wcx,3,50
y,1,25
wobqr,5,75
hobjl,5,47
kcai,4,24
vxho,4,69
cos,3,37
hwn,3,45
wxlgi,5,75
j,1,10
zb,2,28
z,1,26
xsdhk,5,66
z,1,26
gcsb,4,31
pzqr,4,77
byrqw,5,85
syo,3,59
uhp,3,45
kpbv,4,51
ndvfn,5,60
demk,4,33
zb,2,28
xfy,3,55
oru,3,54
a,1,1
jifx,4,49
kcq,3,31
si,2,28
kr,2,29
uq,2,38
wm,2,36
mx,2,37
im,2,22
ydihc,5,49
eqydo,5,66
tos,3,54
bu,2,23
inf,3,29
azvy,4,74
r,1,18
cki,3,23
twz,3,69
mkvea,5,52
dfv,3,32
u,1,21
s,1,19
f,1,6
ppe,3,37
hb,2,10
r,1,18
jbzn,4,52
qtvrs,5,96
znj,3,50
wpw,3,62
w,1,23
phc,3,27
gkv,3,40
xh,2,32
df,2,10
if,2,15
d,1,4
b,1,2
pvuvk,5,92
nufz,4,67
t,1,20
qmii,4,48
q,1,17
u,1,21
oa,2,16
xpxs,4,83
kpdfr,5,55
tx,2,44
tpv,3,58
xr,2,42
lcedw,5,47
ba,2,3
cgite,5,44
ntz,3,60
kre,3,34
zqdn,4,61
frdn,4,42
s,1,19
zaih,4,44
ymhf,4,52
nit,3,43
z,1,26
qpog,4,55
fo,2,21
yb,2,27
y,1,25
bdasu,5,47
grzi,4,60
eg,2,12
rel,3,35
c,1,3
x,1,24
nku,3,46
axk,3,36
re,2,23
zraoj,5,70
nosi,4,57
yzrfp,5,91
uip,3,46
klos,4,57
wgoax,5,70
ibrp,4,45
h,1,8
ull,3,45
jhacn,5,36
bw,2,25
ex,2,29
yu,2,46
fz,2,32
mfugv,5,69
bcub,4,28
tpxar,5,79
ld,2,16
bx,2,26
bga,3,10
v,1,22
a,1,1
h,1,8
m,1,13
deauv,5,53
p,1,16
udmnx,5,76
hdro,4,45
k,1,11
yr,2,43
mknp,4,54
binsf,5,50
cnvyo,5,79
ebgdv,5,40
zu,2,47
rr,2,36
kil,3,32
mchz,4,50
equuv,5,86
gs,2,26
p,1,16
hpxf,4,54
d,1,4
grs,3,44
yqv,3,64
eqpda,5,43
a,1,1
t,1,20
r,1,18
kuu,3,53
wn,2,37
nthm,4,55
flmm,4,44
nbgm,4,36
e,1,5
zfd,3,36
mhww,4,67
ingrq,5,65
mla,3,26
wural,5,75
hugi,4,45
ylig,4,53
eo,2,20
ek,2,16
i,1,9
nd,2,18
c,1,3
jx,2,34
ebb,3,9
mbh,3,23
tl,2,32
oiao,4,40
b,1,2
cq,2,20
oh,2,23
axtc,4,48
dwl,3,39
pqw,3,56
aezv,4,54
rpw,3,57
fjnn,4,44
exb,3,31
y,1,25
avcr,4,44
mmb,3,28
emcf,4,27
ql,2,29
vw,2,45
zin,3,49
hp,2,24
kociq,5,55
qzue,4,69
hf,2,14
fobat,5,44
nxra,4,57
scq,3,39
ucj,3,34
md,2,17
r,1,18
a,1,1
fa,2,7
i,1,9
uj,2,31
sll,3,43
kgtb,4,40
bzwb,4,53
hpzjn,5,74
b,1,2
qyhg,4,57
ysm,3,57
k,1,11
lb,2,14
h,1,8
mgssz,5,84
nnztd,5,78
uf,2,27
les,3,36
cizu,4,59
nzu,3,61
ucjh,4,42
n,1,14
y,1,25
ff,2,12
q,1,17
sbtw,4,64
tvmpt,5,91
ryt,3,63
bh,2,10
eece,4,18
ezapt,5,68
pv,2,38
yts,3,64
kmw,3,47
fcjdg,5,30
k,1,11
bj,2,12
wf,2,29
egeql,5,46
jqjmb,5,52
lv,2,34
nw,2,37
zdofy,5,76
bxln,4,52
xpx,3,64
v,1,22
z,1,26
zybxy,5,102
ta,2,21
rbi,3,29
v,1,22
ojjl,4,47
tm,2,33
b,1,2
jivzf,5,73
q,1,17
ubf,3,29
jqet,4,52
wa,2,24
og,2,22
mote,4,53
am,2,14
ksvm,4,65
gh,2,15
kv,2,33
dvba,4,29
vg,2,29
p,1,16
rl,2,30
okzt,4,72
mybl,4,52
c,1,3
bkuhy,5,67
yp,2,41
kawi,4,44
wfn,3,43
xnsof,5,78
uotc,4,59
c,1,3
lk,2,23
y,1,25
myqn,4,69
swyu,4,88
twms,4,75
yfhpc,5,58
xen,3,43
vbml,4,49
hsuno,5,77
yk,2,36
yofg,4,53
xnccv,5,66
r,1,18
nwe,3,42
iiiiq,5,53
r,1,18
qbv,3,41
x,1,24
aah,3,10
jr,2,28
hfo,3,29
pg,2,23
usf,3,46
mjou,4,59
sa,2,20
em,2,18
vmdj,4,49
xtt,3,64
rtj,3,48
djc,3,17
jznu,4,71
vmo,3,50
fekbd,5,28
yn,2,39
eg,2,12
yovl,4,74
pl,2,28
ykpj,4,62
gcq,3,27
fcsk,4,39
bx,2,26
txith,5,81
y,1,25
dopag,5,43
er,2,23
oebwa,5,46
p,1,16
ma,2,14
biw,3,34
xog,3,46
btv,3,44
ekj,3,26
ett,3,45
n,1,14
azun,4,62
kv,2,33
nat,3,35
zzf,3,58
cu,2,24
epoko,5,62
e,1,5
ja,2,11
eeubz,5,59
pkd,3,31
wrvo,4,78
yppm,4,70
k,1,11
vld,3,38
j,1,10
zrax,4,69
s,1,19
zlieb,5,54
cmgbe,5,30
odbgm,5,41
qumg,4,58
obcg,4,27
pr,2,34
qoudd,5,61
gc,2,10
hfvs,4,55
je,2,15
rxu,3,63
ckje,4,29
w,1,23
jjsnx,5,77
ede,3,14
e,1,5
flz,3,44
tq,2,37
umev,4,61
ngw,3,44
plpl,4,56
qvov,4,76
af,2,7
byjzj,5,73
xyh,3,57
tevx,4,71
h,1,8
tg,2,27
kqu,3,49
yzgvy,5,105
ebm,3,20
os,2,34
shhw,4,58
qhqo,4,57
dsj,3,33
d,1,4
auj,3,32
nhb,3,24
byob,4,44
em,2,18
xihw,4,64
yl,2,37
denj,4,33
lt,2,32
xkjb,4,47
nos,3,48
e,1,5
n,1,14
sze,3,50
a,1,1
tbvoy,5,84
n,1,14
lve,3,39
k,1,11
wlh,3,43
c,1,3
zrsw,4,86
vzaw,4,72
i,1,9
nwber,5,62
jcu,3,34
pjcx,4,53
apvgr,5,64
tjcj,4,43
jt,2,30
vdi,3,35
xvzm,4,85
a,1,1
nv,2,36
z,1,26
tgisp,5,71
xja,3,35
atb,3,23
qt,2,37
zh,2,34
x,1,24
tlcqo,5,67
z,1,26
gvki,4,49
xcosx,5,85
temjr,5,66
ckit,4,43
pr,2,34
snth,4,61
tj,2,30
non,3,43
eji,3,24
bcxl,4,41
z,1,26
dpecs,5,47
jc,2,13
mg,2,20
uocf,4,45
sdxpk,5,74
g,1,7
dbff,4,18
dzmj,4,53
myioa,5,63
stei,4,53
jmssh,5,69
sgs,3,45
pv,2,38
ayl,3,38
xitmn,5,80
seipe,5,54
e,1,5
coips,5,62
ydk,3,40
ajaa,4,13
z,1,26
fko,3,32
jx,2,34
kioen,5,54
rx,2,42
mqihl,5,59
twtp,4,79
bummc,5,52
nmz,3,53
ze,2,31
kxpcg,5,61
bio,3,26
sdp,3,39
qm,2,30
uok,3,47
tmeb,4,40
c,1,3
kcud,4,39
lbcjq,5,44
ukwne,5,74
kom,3,39
devki,5,51
bj,2,12
qjuhl,5,68
tzsgl,5,84
qfj,3,33
wtwsn,5,99
dtl,3,36
wre,3,46
pmox,4,68
ljfv,4,50
algx,4,44
att,3,41
ukej,4,47
obi,3,26
zu,2,47
uzjc,4,60
oz,2,41
ryho,4,66
et,2,25
lj,2,22
kg,2,18
iqc,3,29
t,1,20
hvm,3,43
avw,3,46
swkc,4,56
mb,2,15
tzb,3,48
jxvwg,5,86
pup,3,53
rn,2,32
li,2,21
ayewb,5,56
pfmgo,5,57
cih,3,20
nvpnp,5,82
sctwd,5,69
urn,3,53
kmrvv,5,86
ak,2,12
jim,3,32
u,1,21
rde,3,27
smgaz,5,66
bcvgv,5,56
grsf,4,50
efuwy,5,80
fkm,3,30
ytkwz,5,105
yw,2,48
ma,2,14
w,1,23
eyat,4,51
yp,2,41
brf,3,26
txqbe,5,68
igalz,5,55
ji,2,19
sjxf,4,59
hzonh,5,71
z,1,26
utpki,5,77
wwg,3,53
a,1,1
bc,2,5
lpah,4,37
lxtl,4,68
z,1,26
lt,2,32
ku,2,32
hzx,3,58
u,1,21
bamv,4,38
kg,2,18
vphhy,5,79
dspq,4,56
qzgr,4,68
bnwqy,5,81
vbrqh,5,67
k,1,11
bcwsw,5,70
mtcsn,5,69
lbbt,4,36
emb,3,20
elh,3,25
k,1,11
tvni,4,65
b,1,2
qqw,3,57
kssc,4,52
isq,3,45
pjre,4,49
lsow,4,69
gzxln,5,83
uuq,3,59
gygtw,5,82
qpq,3,50
kbzzm,5,78
mugz,4,67
nugj,4,52
n,1,14
x,1,24
cas,3,23
b,1,2
kdrvv,5,77
slb,3,33
qptk,4,64
a,1,1
kbt,3,33
ozhqa,5,67
djfjp,5,46
bbju,4,35
knq,3,42
f,1,6
ytdjq,5,76
bbo,3,19
sclf,4,40
vwd,3,49
oakuh,5,56
bgq,3,26
fw,2,29
ykfcp,5,61
hu,2,29
u,1,21
c,1,3
xp,2,40
byj,3,37
ziqr,4,70
n,1,14
cbklw,5,51
z,1,26
y,1,25
ea,2,6
chm,3,24
w,1,23
az,2,27
pf,2,22
tzbjq,5,75
s,1,19
r,1,18
z,1,26
p,1,16
rc,2,21
oaast,5,56
th,2,28
jm,2,23
ujp,3,47
j,1,10
vogs,4,63
md,2,17
rs,2,37
hnko,4,48
z,1,26
yt,2,45
pq,2,33
r,1,18
zmtq,4,76
vp,2,38
vmrd,4,57
sh,2,27
avnt,4,57
ldt,3,36
hcp,3,27
jpo,3,41
u,1,21
unnq,4,66
ngmek,5,50
sd,2,23
mka,3,25
sun,3,54
x,1,24
xqa,3,42
w,1,23
y,1,25
dqtk,4,52
jzdn,4,54
n,1,14
fex,3,35
iy,2,34
jpt,3,46
bavpm,5,54
ib,2,11
cxvf,4,55
zfbdq,5,55
rsk,3,48
xzgb,4,59
clzjo,5,66
jfchn,5,41
c,1,3
ylqy,4,79
mwc,3,39
dqr,3,39
ry,2,43
xjt,3,54
gwt,3,50
xptx,4,84
r,1,18
emdp,4,38
mth,3,41
aevwt,5,71
r,1,18
j,1,10
beefd,5,22
wepc,4,47
a,1,1
v,1,22
r,1,18
mqk,3,41
ac,2,4
x,1,24
uva,3,44
xsr,3,61
ep,2,21
jvuf,4,59
t,1,20
rr,2,36
hxlsn,5,77
ezu,3,52
g,1,7
cin,3,26
tllyy,5,94
kf,2,17
lp,2,28
hdqaj,5,40
rat,3,39
dndf,4,28
az,2,27
sok,3,45
u,1,21
e,1,5
ngu,3,42
e,1,5
xigre,5,63
oaz,3,42
cnpv,4,55
jtg,3,37
oea,3,21
cvstj,5,74
ccre,4,29
cofhp,5,48
nuj,3,45
wwz,3,72
hhfa,4,23
rhz,3,52
qm,2,30
qgofj,5,55
g,1,7
tj,2,30
cp,2,19
tl,2,32
jwg,3,40
zbf,3,34
qscl,4,51
jkogd,5,47
rjg,3,35
sjvb,4,53
odyr,4,62
v,1,22
twny,4,82
m,1,13
nfy,3,45
txk,3,55
vtx,3,66
f,1,6
h,1,8
x,1,24
w,1,23
xzv,3,72
dmulu,5,71
ms,2,32
lrrbg,5,57
t,1,20
ie,2,14
kukp,4,59
hqdt,4,49
swo,3,57
qcnpw,5,73
vz,2,48
qkxkw,5,86
ydjoc,5,57
cyhh,4,44
jlug,4,50
f,1,6
ru,2,39
mysrk,5,86
qevrb,5,64
pdq,3,37
ujuyr,5,95
r,1,18
sxjz,4,79
pcyt,4,64
kcpu,4,51
j,1,10
caqq,4,38
s,1,19
kcv,3,36
cpsl,4,50
aa,2,2
um,2,34
trooj,5,78
zc,2,29
jsfgg,5,49
ct,2,23
p,1,16
c,1,3
oxc,3,42
poeyw,5,84
bif,3,17
c,1,3
zq,2,43
rrms,4,68
yqqdw,5,86
rj,2,28
qs,2,36
clho,4,38
vur,3,61
mvaah,5,45
j,1,10
zio,3,50
mhvq,4,60
hg,2,15
ord,3,37
qiuf,4,53
uztwv,5,112
aald,4,18
ldhlj,5,46
kybsz,5,83
jsd,3,33
mfgq,4,43
bq,2,19
fith,4,43
dls,3,35
bykwi,5,70
cse,3,27
potjw,5,84
ydsh,4,56
pjg,3,33
wzum,4,83
n,1,14
hfb,3,16
vtrd,4,64
wkvj,4,66
v,1,22
r,1,18
itzjz,5,91
mm,2,26
hty,3,53
kcz,3,40
wlqy,4,77
r,1,18
xq,2,41
y,1,25
zsgnp,5,82
x,1,24
hgfae,5,27
kta,3,32
nxyro,5,96
qxfw,4,70
tpw,3,59
psug,4,63
cqpy,4,61
tsq,3,56
fmrt,4,57
zsv,3,67
jc,2,13
jkqs,4,57
anhk,4,34
ry,2,43
xiy,3,58
w,1,23
nuz,3,61
hrmd,4,43
by,2,27
oauna,5,52
wofhg,5,59
bi,2,11
h,1,8
sq,2,36
ao,2,16
oiq,3,41
rfie,4,38
upxw,4,84
xwf,3,53
i,1,9
miz,3,48
fydy,4,60
zpwkr,5,94
wzp,3,65
j,1,10
rgv,3,47
sgd,3,30
ddkd,4,23
fv,2,28
sti,3,48
sgn,3,40
rfygk,5,67
vtta,4,63
bfq,3,25
tgp,3,43
hlxq,4,61
q,1,17
ui,2,30
xeh,3,37
fqeb,4,30
nuyj,4,70
ylnkl,5,74
jdxkh,5,57
jkxc,4,48
laco,4,31
a,1,1
cs,2,22
xr,2,42
btkfn,5,53
a,1,1
rprxu,5,97
gg,2,14
qq,2,34
x,1,24
fzb,3,34
alp,3,29
zpq,3,59
oyyu,4,86
hqxcw,5,75
q,1,17
dw,2,27
tyrv,4,85
r,1,18
ncgl,4,36
mdr,3,35
mq,2,30
xrk,3,53
pcmoh,5,55
rcmbj,5,46
tcygp,5,71
ewly,4,65
xqgd,4,52
eqbr,4,42
isjzr,5,82
zxtre,5,93
i,1,9
c,1,3
p,1,16
gj,2,17
yv,2,47
u,1,21
nel,3,31
gcjf,4,26
ywzyu,5,120
ikcc,4,26
g,1,7
ssfy,4,69
r,1,18
lky,3,48
qmqub,5,70
yn,2,39
ms,2,32
xy,2,49
uxolg,5,79
xfmkx,5,78
o,1,15
eo,2,20
zppkp,5,85
imlfl,5,52
pgsbc,5,47
nstxy,5,102
xrzy,4,93
jadg,4,22
fu,2,27
sy,2,44
va,2,23
ozerv,5,86
fw,2,29
zv,2,48
cg,2,10
xckb,4,40
disdt,5,56
oaab,4,19
me,2,18
tinn,4,57
vxd,3,50
qy,2,42
kow,3,49
qhpji,5,60
jv,2,32
a,1,1
xgcuv,5,77
rv,2,40
kics,4,42
uzgm,4,67
rih,3,35
saw,3,43
cls,3,34
b,1,2
hxb,3,34
q,1,17
z,1,26
i,1,9
jfb,3,18
svnyr,5,98
x,1,24
z,1,26
z,1,26
x,1,24
g,1,7
l,1,12
woma,4,52
djg,3,21
xob,3,41
pmti,4,58
wkkim,5,67
p,1,16
voau,4,59
ks,2,30
smfl,4,50
gt,2,27
fnck,4,34
igbd,4,22
uya,3,47
wy,2,48
fbq,3,25
arkim,5,52
wwpk,4,73
iax,3,34
g,1,7
naqor,5,65
c,1,3
r,1,18
ktmzf,5,76
a,1,1
s,1,19
tryf,4,69
vwz,3,71
hj,2,18
adimb,5,29
w,1,23
wtbr,4,63
apzhl,5,63
eojpd,5,50
zw,2,49
w,1,23
yzknx,5,100
jzpwn,5,89
sta,3,40
lxtkp,5,83
wbcj,4,38
edywt,5,77
s,1,19
vemiu,5,70
wcwj,4,59
gwyz,4,81
iqge,4,38
i,1,9
p,1,16
cn,2,17
isu,3,49
xi,2,33
pji,3,35
kr,2,29
pr,2,34
kl,2,23
pbs,3,37
up,2,37
p,1,16
z,1,26
oexr,4,62
w,1,23
llxso,5,82
ic,2,12
ri,2,27
qs,2,36
til,3,41
xwtvk,5,100
t,1,20
m,1,13
ygjn,4,56
jlkj,4,43
bdfiw,5,44
wit,3,52
nouv,4,72
wyz,3,74
apszu,5,83
pi,2,25
v,1,22
mv,2,35
lsv,3,53
qov,3,54
x,1,24
my,2,38
tre,3,43
bncl,4,31
iru,3,48
wsl,3,54
bgkpb,5,38
snoo,4,63
nh,2,22
exxhc,5,64
po,2,31
qldb,4,35
qke,3,33
orobk,5,61
vay,3,48
klv,3,45
b,1,2
a,1,1
g,1,7
geu,3,33
mybjt,5,70
qvl,3,51
i,1,9
ajg,3,18
wo,2,38
pphe,4,45
lkzb,4,51
p,1,16
nnzq,4,71
mqneb,5,51
xo,2,39
gq,2,24
jrcle,5,48
xkhp,4,59
pm,2,29
ui,2,30
dkudn,5,54
fe,2,11
rnj,3,42
se,2,24
iot,3,44
nfa,3,21
jxlcw,5,72
fpwmu,5,79
ktcv,4,56
ub,2,23
jzb,3,38
zpboi,5,68
ksn,3,44
zsoz,4,86
je,2,15
muvv,4,78
wb,2,25
voun,4,72
gbyfj,5,50
k,1,11
vuto,4,78
tough,5,71
zpkx,4,77
psrc,4,56
rkiva,5,61
oci,3,27
vgi,3,38
mq,2,30
gznz,4,73
iusg,4,56
wu,2,44
eu,2,26
jnf,3,30
xngx,4,69
r,1,18
l,1,12
nv,2,36
qhgx,4,56
qq,2,34
knxi,4,58
jh,2,18
ul,2,33
ho,2,23
kzndn,5,69
ghti,4,44
omg,3,35
kqmt,4,61
anz,3,41
jjyt,4,65
dhmsf,5,50
iyu,3,55
gqaj,4,35
dksub,5,57
kub,3,34
p,1,16
rxw,3,65
ie,2,14
qsn,3,50
cwm,3,39
qf,2,23
ymdm,4,55
igld,4,32
nmjs,4,56
nqo,3,46
dgp,3,27
zgzsq,5,95
bzacz,5,58
mw,2,36
lrv,3,52
hxwmw,5,91
ewsb,4,49
epuhc,5,53
qqk,3,45
kzu,3,58
ayr,3,44
f,1,6
pgmv,4,58
qr,2,35
pgc,3,26
upled,5,58
pyin,4,64
zhh,3,42
dy,2,29
fhhg,4,29
a,1,1
x,1,24
rjmd,4,45
yj,2,35
vj,2,32
i,1,9
dt,2,24
wesgd,5,58
mtrp,4,67
jeisn,5,57
mcsqx,5,76
hgf,3,21
p,1,16
ug,2,28
vxc,3,49
c,1,3
juey,4,61
o,1,15
waewg,5,59
ms,2,32
v,1,22
yqn,3,56
vbf,3,30
xxfti,5,83
infov,5,66
qn,2,31
bkzm,4,52
d,1,4
kwl,3,46
gqmb,4,39
xp,2,40
x,1,24
jquut,5,89
vbmm,4,50
q,1,17
mprnx,5,85
ie,2,14
g,1,7
xg,2,31
h,1,8
cef,3,14
ymcxc,5,68
oc,2,18
zf,2,32
jciji,5,41
phn,3,38
jlkf,4,39
dqg,3,28
t,1,20
vvoad,5,64
dh,2,12
xq,2,41
maj,3,24
u,1,21
trbo,4,55
iufw,4,59
ijfuc,5,49
oknk,4,51
h,1,8
dhy,3,37
ar,2,19
myq,3,55
kywfe,5,70
w,1,23
spvqg,5,81
wzw,3,72
e,1,5
g,1,7
r,1,18
jokv,4,58
yhvs,4,74
egkkg,5,41
ifqld,5,48
l,1,12
hlaw,4,44
t,1,20
yn,2,39
qwvd,4,66
sugm,4,60
hravs,5,68
l,1,12
vwy,3,70
a,1,1
th,2,28
ww,2,46
qmx,3,54
b,1,2
wnalg,5,57
ygfmr,5,69
knclm,5,53
j,1,10
tjew,4,58
qt,2,37
abvk,4,36
an,2,15
qpj,3,43
miu,3,43
tzfsj,5,81
oi,2,24
fiy,3,40
fvz,3,54
a,1,1
ydd,3,33
zhvae,5,62
d,1,4
lzyry,5,106
s,1,19
wd,2,27
b,1,2
gms,3,39
o,1,15
ybhff,5,47
ymyw,4,86
jbkrc,5,44
luol,4,60
ymum,4,72
ltgi,4,48
oaai,4,26
x,1,24
l,1,12
jlka,4,34
jpemy,5,69
a,1,1
r,1,18
lmboo,5,57
rsbeg,5,51
kv,2,33
rcqra,5,57
jq,2,27
i,1,9
oix,3,48
lhlah,5,41
dr,2,22
b,1,2
sldz,4,61
gk,2,18
xa,2,25
etgk,4,43
kydgo,5,62
s,1,19
mgt,3,40
xfbwi,5,64
krbhb,5,41
fpet,4,47
rq,2,35
cmv,3,38
ii,2,18
qzv,3,65
klr,3,41
cko,3,29
x,1,24
vsl,3,53
mbm,3,28
gifvj,5,54
vmfl,4,53
yw,2,48
pqlmg,5,65
iuz,3,56
nwge,4,49
r,1,18
imxo,4,61
tka,3,32
sbyge,5,58
jzdbd,5,46
b,1,2
p,1,16
o,1,15
svo,3,56
ddrgr,5,51
tqwlg,5,79
qkqz,4,71
c,1,3
k,1,11
lia,3,22
g,1,7
u,1,21
ge,2,12
ilr,3,39
yq,2,42
fuk,3,38
hs,2,27
ci,2,12
dqdn,4,39
u,1,21
npq,3,47
bglt,4,41
e,1,5
yqdq,4,63
npcan,5,48
t,1,20
tpjck,5,60
buwl,4,58
xhyv,4,79
jvqhx,5,81
u,1,21
zwn,3,63
z,1,26
jyhhp,5,67
vi,2,31
mgbj,4,32
ho,2,23
s,1,19
cbg,3,12
lbz,3,40
wk,2,34
yevpj,5,78
f,1,6
kz,2,37
jawpo,5,65
pm,2,29
q,1,17
mxoe,4,57
bmf,3,21
u,1,21
jf,2,16
htw,3,51
he,2,13
bt,2,22
vja,3,33
ydfr,4,53
z,1,26
jzf,3,42
rwf,3,47
cnzp,4,59
bhdr,4,32
smv,3,54
v,1,22
kdxr,4,57
vx,2,46
poyp,4,72
vfbc,4,33
wr,2,41
iggu,4,44
lcj,3,25
mn,2,27
rm,2,31
ah,2,9
ntm,3,47
bxdx,4,54
w,1,23
pu,2,37
hn,2,22
w,1,23
ancj,4,28
mppav,5,68
mgev,4,47
ydslk,5,71
mmag,4,34
t,1,20
tkfav,5,60
chtov,5,68
ero,3,38
bx,2,26
eq,2,22
kgo,3,33
p,1,16
y,1,25
kdpi,4,40
a,1,1
pirmk,5,67
i,1,9
zfjy,4,67
jku,3,42
h,1,8
j,1,10
ll,2,24
bse,3,26
e,1,5
m,1,13
pbfm,4,37
ewh,3,36
f,1,6
k,1,11
g,1,7
b,1,2
h,1,8
gh,2,15
e,1,5
vv,2,44
ezeft,5,62
r,1,18
ugc,3,31
g,1,7
it,2,29
xgkg,4,49
h,1,8
mtk,3,44
a,1,1
wwkof,5,78
zve,3,53
umavt,5,77
yx,2,49
